low,high,cropY,cropHeight,cropX,cropWidth
0.36016947,1.5254236,0.27708334,0.5229167,0.04375,0.8625
