low,high
0.4661017,0.72033894
