low,high
0.42372882,1.101695
