low,high
0.14830509,1.1440678
