low,high
0.40254238,0.44491526
