low,high
1.5254236,2.7118645
